x_value,PID,PNAME,STATUS,CPU,NUM THREADS,MEMORY(MB)0,9244,zWebview2Agent.exe,running,0.00%,7,16.867
1,9244,zWebview2Agent.exe,running,0.00%,7,16.867
2,9244,zWebview2Agent.exe,running,0.00%,7,16.867
3,9244,zWebview2Agent.exe,running,0.00%,7,16.867
4,9244,zWebview2Agent.exe,running,0.00%,7,16.867
5,9244,zWebview2Agent.exe,running,0.00%,7,16.867
6,9244,zWebview2Agent.exe,running,0.00%,7,16.867
7,9244,zWebview2Agent.exe,running,0.00%,7,16.867
8,9244,zWebview2Agent.exe,running,0.00%,7,16.867
9,9244,zWebview2Agent.exe,running,0.00%,7,16.867
10,9244,zWebview2Agent.exe,running,0.00%,7,16.867
11,9244,zWebview2Agent.exe,running,0.00%,7,16.867
12,9244,zWebview2Agent.exe,running,0.00%,7,16.867
13,9244,zWebview2Agent.exe,running,0.00%,7,16.867
14,9244,zWebview2Agent.exe,running,0.00%,7,16.867
15,9244,zWebview2Agent.exe,running,0.00%,7,16.867
16,9244,zWebview2Agent.exe,running,0.00%,7,16.867
17,9244,zWebview2Agent.exe,running,0.00%,7,16.867
18,9244,zWebview2Agent.exe,running,0.00%,7,16.867
19,9244,zWebview2Agent.exe,running,0.00%,7,16.867
20,9244,zWebview2Agent.exe,running,0.00%,7,16.867
21,9244,zWebview2Agent.exe,running,0.00%,7,16.867
22,9244,zWebview2Agent.exe,running,0.00%,7,16.867
23,9244,zWebview2Agent.exe,running,0.00%,7,16.867
24,9244,zWebview2Agent.exe,running,0.00%,7,16.867
25,9244,zWebview2Agent.exe,running,0.00%,7,16.867
26,9244,zWebview2Agent.exe,running,0.00%,7,16.867
27,9244,zWebview2Agent.exe,running,0.00%,7,16.867
28,9244,zWebview2Agent.exe,running,0.00%,7,16.867
29,9244,zWebview2Agent.exe,running,0.00%,7,16.867
30,9244,zWebview2Agent.exe,running,0.00%,7,16.867
31,9244,zWebview2Agent.exe,running,0.00%,7,16.867
32,9244,zWebview2Agent.exe,running,0.00%,7,16.867
33,9244,zWebview2Agent.exe,running,0.00%,7,16.867
34,9244,zWebview2Agent.exe,running,0.00%,7,16.867
35,9244,zWebview2Agent.exe,running,0.00%,7,16.867
36,9244,zWebview2Agent.exe,running,0.00%,7,16.867
37,9244,zWebview2Agent.exe,running,0.00%,7,16.867
38,9244,zWebview2Agent.exe,running,0.00%,7,16.867
39,9244,zWebview2Agent.exe,running,0.00%,7,16.867
40,9244,zWebview2Agent.exe,running,0.00%,7,16.867
41,9244,zWebview2Agent.exe,running,0.00%,7,16.867
42,9244,zWebview2Agent.exe,running,0.00%,7,16.867
43,9244,zWebview2Agent.exe,running,0.00%,7,16.867
44,9244,zWebview2Agent.exe,running,0.00%,7,16.867
45,9244,zWebview2Agent.exe,running,0.00%,7,16.867
46,9244,zWebview2Agent.exe,running,0.00%,7,16.867
47,9244,zWebview2Agent.exe,running,0.00%,7,16.867
48,9244,zWebview2Agent.exe,running,0.00%,7,16.867
49,9244,zWebview2Agent.exe,running,0.00%,7,16.867
50,9244,zWebview2Agent.exe,running,0.00%,7,16.867
51,9244,zWebview2Agent.exe,running,0.00%,7,16.867
52,9244,zWebview2Agent.exe,running,0.00%,7,16.867
53,9244,zWebview2Agent.exe,running,0.00%,7,16.867
54,9244,zWebview2Agent.exe,running,0.00%,7,16.867
55,9244,zWebview2Agent.exe,running,0.00%,7,16.867
56,9244,zWebview2Agent.exe,running,0.00%,7,16.867
57,9244,zWebview2Agent.exe,running,0.00%,7,16.867
58,9244,zWebview2Agent.exe,running,0.00%,7,16.867
59,9244,zWebview2Agent.exe,running,0.00%,7,16.867
60,9244,zWebview2Agent.exe,running,0.00%,7,16.867
61,9244,zWebview2Agent.exe,running,0.00%,7,16.867
62,9244,zWebview2Agent.exe,running,0.00%,7,16.867
63,9244,zWebview2Agent.exe,running,0.00%,7,16.867
64,9244,zWebview2Agent.exe,running,0.00%,7,16.867
65,9244,zWebview2Agent.exe,running,0.00%,7,16.867
66,9244,zWebview2Agent.exe,running,0.00%,7,16.867
67,9244,zWebview2Agent.exe,running,0.00%,7,16.867
68,9244,zWebview2Agent.exe,running,0.00%,7,16.867
69,9244,zWebview2Agent.exe,running,0.00%,7,16.876
70,9244,zWebview2Agent.exe,running,0.00%,7,16.876
71,9244,zWebview2Agent.exe,running,0.00%,7,16.876
72,9244,zWebview2Agent.exe,running,0.00%,7,16.876
73,9244,zWebview2Agent.exe,running,0.00%,7,16.876
74,9244,zWebview2Agent.exe,running,0.00%,7,16.876
75,9244,zWebview2Agent.exe,running,0.00%,7,16.876
76,9244,zWebview2Agent.exe,running,0.00%,7,16.876
77,9244,zWebview2Agent.exe,running,0.00%,7,16.876
78,9244,zWebview2Agent.exe,running,0.00%,7,16.876
79,9244,zWebview2Agent.exe,running,0.00%,7,16.876
80,9244,zWebview2Agent.exe,running,0.00%,7,16.876
81,9244,zWebview2Agent.exe,running,0.00%,7,16.876
82,9244,zWebview2Agent.exe,running,0.00%,7,16.876
83,9244,zWebview2Agent.exe,running,0.00%,7,16.876
84,9244,zWebview2Agent.exe,running,0.00%,7,16.876
85,9244,zWebview2Agent.exe,running,0.00%,7,16.876
86,9244,zWebview2Agent.exe,running,0.00%,7,16.876
87,9244,zWebview2Agent.exe,running,0.00%,7,16.876
88,9244,zWebview2Agent.exe,running,0.00%,7,16.876
89,9244,zWebview2Agent.exe,running,0.00%,7,16.876
90,9244,zWebview2Agent.exe,running,0.00%,7,16.876
91,9244,zWebview2Agent.exe,running,0.00%,7,16.876
92,9244,zWebview2Agent.exe,running,0.00%,7,16.876
93,9244,zWebview2Agent.exe,running,0.00%,7,16.876
94,9244,zWebview2Agent.exe,running,0.00%,7,16.876
95,9244,zWebview2Agent.exe,running,0.00%,7,16.876
96,9244,zWebview2Agent.exe,running,0.00%,7,16.876
97,9244,zWebview2Agent.exe,running,0.00%,7,16.876
98,9244,zWebview2Agent.exe,running,0.00%,7,16.876
99,9244,zWebview2Agent.exe,running,0.00%,7,16.876
100,9244,zWebview2Agent.exe,running,0.00%,7,16.876
101,9244,zWebview2Agent.exe,running,0.00%,7,16.876
102,9244,zWebview2Agent.exe,running,0.00%,7,16.876
103,9244,zWebview2Agent.exe,running,0.00%,7,16.876
104,9244,zWebview2Agent.exe,running,0.00%,7,16.876
105,9244,zWebview2Agent.exe,running,0.00%,7,16.876
106,9244,zWebview2Agent.exe,running,0.00%,7,16.876
107,9244,zWebview2Agent.exe,running,0.00%,7,16.876
108,9244,zWebview2Agent.exe,running,0.00%,7,16.876
109,9244,zWebview2Agent.exe,running,0.00%,7,16.876
110,9244,zWebview2Agent.exe,running,0.00%,7,16.876
111,9244,zWebview2Agent.exe,running,0.00%,7,16.876
112,9244,zWebview2Agent.exe,running,0.00%,7,16.876
113,9244,zWebview2Agent.exe,running,0.00%,7,16.876
114,9244,zWebview2Agent.exe,running,0.00%,7,16.876
115,9244,zWebview2Agent.exe,running,0.00%,7,16.876
116,9244,zWebview2Agent.exe,running,0.00%,7,16.876
117,9244,zWebview2Agent.exe,running,0.00%,7,16.876
118,9244,zWebview2Agent.exe,running,0.00%,7,16.876
119,9244,zWebview2Agent.exe,running,0.00%,7,16.876
120,9244,zWebview2Agent.exe,running,0.00%,7,16.876
121,9244,zWebview2Agent.exe,running,0.00%,7,16.876
122,9244,zWebview2Agent.exe,running,0.00%,7,16.876
123,9244,zWebview2Agent.exe,running,0.00%,7,16.876
124,9244,zWebview2Agent.exe,running,0.00%,7,16.876
125,9244,zWebview2Agent.exe,running,0.00%,7,16.876
126,9244,zWebview2Agent.exe,running,0.00%,7,16.876
127,9244,zWebview2Agent.exe,running,0.00%,7,16.876
128,9244,zWebview2Agent.exe,running,0.00%,7,16.876
129,9244,zWebview2Agent.exe,running,0.00%,7,16.876
130,9244,zWebview2Agent.exe,running,0.00%,7,16.876
131,9244,zWebview2Agent.exe,running,0.00%,7,16.876
132,9244,zWebview2Agent.exe,running,0.00%,7,16.876
133,9244,zWebview2Agent.exe,running,0.00%,7,16.876
134,9244,zWebview2Agent.exe,running,0.00%,7,16.876
135,9244,zWebview2Agent.exe,running,0.00%,7,16.876
136,9244,zWebview2Agent.exe,running,0.00%,7,16.876
137,9244,zWebview2Agent.exe,running,0.00%,7,16.876
138,9244,zWebview2Agent.exe,running,0.00%,7,16.876
139,9244,zWebview2Agent.exe,running,0.00%,7,16.876
140,9244,zWebview2Agent.exe,running,0.00%,7,16.876
141,9244,zWebview2Agent.exe,running,0.00%,7,16.876
142,9244,zWebview2Agent.exe,running,0.00%,7,16.876
143,9244,zWebview2Agent.exe,running,0.00%,7,16.876
144,9244,zWebview2Agent.exe,running,0.00%,7,16.876
145,9244,zWebview2Agent.exe,running,0.00%,7,16.876
146,9244,zWebview2Agent.exe,running,0.00%,7,16.876
147,9244,zWebview2Agent.exe,running,0.00%,7,16.876
148,9244,zWebview2Agent.exe,running,0.00%,7,16.876
149,9244,zWebview2Agent.exe,running,0.00%,7,16.876
150,9244,zWebview2Agent.exe,running,0.00%,7,16.876
151,9244,zWebview2Agent.exe,running,0.00%,7,16.876
152,9244,zWebview2Agent.exe,running,0.00%,7,16.876
153,9244,zWebview2Agent.exe,running,0.00%,7,16.876
154,9244,zWebview2Agent.exe,running,0.00%,7,16.876
155,9244,zWebview2Agent.exe,running,0.00%,7,16.876
156,9244,zWebview2Agent.exe,running,0.00%,7,16.876
157,9244,zWebview2Agent.exe,running,0.00%,7,16.876
158,9244,zWebview2Agent.exe,running,0.00%,7,16.876
159,9244,zWebview2Agent.exe,running,0.00%,7,16.876
160,9244,zWebview2Agent.exe,running,0.00%,7,16.876
161,9244,zWebview2Agent.exe,running,0.00%,7,16.876
162,9244,zWebview2Agent.exe,running,0.00%,7,16.876
163,9244,zWebview2Agent.exe,running,0.00%,7,17.011
164,9244,zWebview2Agent.exe,running,0.00%,7,17.011
165,9244,zWebview2Agent.exe,running,0.00%,7,17.011
166,9244,zWebview2Agent.exe,running,0.00%,7,17.011
167,9244,zWebview2Agent.exe,running,0.00%,7,17.011
168,9244,zWebview2Agent.exe,running,0.00%,7,17.011
169,9244,zWebview2Agent.exe,running,0.00%,7,17.011
170,9244,zWebview2Agent.exe,running,0.00%,7,17.011
171,9244,zWebview2Agent.exe,running,0.00%,7,17.011
172,9244,zWebview2Agent.exe,running,0.00%,7,17.011
173,9244,zWebview2Agent.exe,running,0.00%,7,17.011
174,9244,zWebview2Agent.exe,running,0.00%,7,17.011
175,9244,zWebview2Agent.exe,running,0.00%,7,17.011
176,9244,zWebview2Agent.exe,running,0.00%,7,17.011
177,9244,zWebview2Agent.exe,running,0.00%,7,17.011
178,9244,zWebview2Agent.exe,running,0.00%,7,17.011
179,9244,zWebview2Agent.exe,running,0.00%,7,17.011
180,9244,zWebview2Agent.exe,running,0.00%,7,17.011
181,9244,zWebview2Agent.exe,running,0.00%,7,17.011
182,9244,zWebview2Agent.exe,running,0.00%,7,17.011
183,9244,zWebview2Agent.exe,running,0.00%,7,17.011
184,9244,zWebview2Agent.exe,running,0.00%,7,17.011
185,9244,zWebview2Agent.exe,running,0.00%,7,17.011
186,9244,zWebview2Agent.exe,running,0.00%,7,17.011
187,9244,zWebview2Agent.exe,running,0.00%,7,17.011
188,9244,zWebview2Agent.exe,running,0.00%,7,17.011
189,9244,zWebview2Agent.exe,running,0.00%,7,17.011
190,9244,zWebview2Agent.exe,running,0.00%,7,17.011
191,9244,zWebview2Agent.exe,running,0.00%,7,17.011
192,9244,zWebview2Agent.exe,running,0.00%,7,17.011
193,9244,zWebview2Agent.exe,running,0.00%,7,17.011
194,9244,zWebview2Agent.exe,running,0.00%,7,17.011
195,9244,zWebview2Agent.exe,running,0.00%,7,17.011
196,9244,zWebview2Agent.exe,running,0.00%,7,17.011
197,9244,zWebview2Agent.exe,running,0.00%,7,17.011
198,9244,zWebview2Agent.exe,running,0.00%,7,17.011
199,9244,zWebview2Agent.exe,running,0.00%,7,17.011
200,9244,zWebview2Agent.exe,running,0.00%,7,17.011
201,9244,zWebview2Agent.exe,running,0.00%,7,17.011
202,9244,zWebview2Agent.exe,running,0.00%,7,17.011
203,9244,zWebview2Agent.exe,running,0.00%,7,17.011
204,9244,zWebview2Agent.exe,running,0.00%,7,17.011
205,9244,zWebview2Agent.exe,running,0.00%,7,17.011
206,9244,zWebview2Agent.exe,running,0.00%,7,17.011
207,9244,zWebview2Agent.exe,running,0.00%,7,17.011
208,9244,zWebview2Agent.exe,running,0.00%,7,17.011
209,9244,zWebview2Agent.exe,running,0.00%,7,17.011
210,9244,zWebview2Agent.exe,running,0.00%,7,17.011
211,9244,zWebview2Agent.exe,running,0.00%,7,17.011
212,9244,zWebview2Agent.exe,running,0.00%,7,17.011
213,9244,zWebview2Agent.exe,running,0.00%,7,17.011
214,9244,zWebview2Agent.exe,running,0.00%,7,17.011
215,9244,zWebview2Agent.exe,running,0.00%,7,17.011
216,9244,zWebview2Agent.exe,running,0.00%,7,17.011
217,9244,zWebview2Agent.exe,running,0.00%,7,17.011
218,9244,zWebview2Agent.exe,running,0.00%,7,17.011
219,9244,zWebview2Agent.exe,running,0.00%,7,17.011
220,9244,zWebview2Agent.exe,running,0.00%,7,17.011
221,9244,zWebview2Agent.exe,running,0.00%,7,17.011
222,9244,zWebview2Agent.exe,running,0.00%,7,17.011
223,9244,zWebview2Agent.exe,running,0.00%,7,17.011
224,9244,zWebview2Agent.exe,running,0.00%,7,17.011
225,9244,zWebview2Agent.exe,running,0.00%,7,17.011
226,9244,zWebview2Agent.exe,running,0.00%,7,17.011
227,9244,zWebview2Agent.exe,running,0.00%,7,17.011
228,9244,zWebview2Agent.exe,running,0.00%,7,17.011
229,9244,zWebview2Agent.exe,running,0.00%,7,17.011
230,9244,zWebview2Agent.exe,running,0.00%,7,17.011
231,9244,zWebview2Agent.exe,running,0.00%,7,17.011
232,9244,zWebview2Agent.exe,running,0.00%,7,17.011
233,9244,zWebview2Agent.exe,running,0.00%,7,17.011
234,9244,zWebview2Agent.exe,running,0.00%,7,17.011
235,9244,zWebview2Agent.exe,running,0.00%,7,17.011
236,9244,zWebview2Agent.exe,running,0.00%,7,17.011
237,9244,zWebview2Agent.exe,running,0.00%,7,17.011
238,9244,zWebview2Agent.exe,running,0.00%,7,17.011
239,9244,zWebview2Agent.exe,running,0.00%,7,17.011
240,9244,zWebview2Agent.exe,running,0.00%,7,17.011
241,9244,zWebview2Agent.exe,running,0.00%,7,17.011
242,9244,zWebview2Agent.exe,running,0.00%,7,17.011
243,9244,zWebview2Agent.exe,running,0.00%,7,17.011
244,9244,zWebview2Agent.exe,running,0.00%,7,17.011
245,9244,zWebview2Agent.exe,running,0.00%,7,17.011
246,9244,zWebview2Agent.exe,running,0.00%,7,17.011
247,9244,zWebview2Agent.exe,running,0.00%,7,17.011
248,9244,zWebview2Agent.exe,running,0.00%,7,17.011
249,9244,zWebview2Agent.exe,running,0.00%,7,17.011
250,9244,zWebview2Agent.exe,running,0.00%,7,17.011
251,9244,zWebview2Agent.exe,running,0.00%,7,17.011
252,9244,zWebview2Agent.exe,running,0.00%,7,17.011
253,9244,zWebview2Agent.exe,running,0.00%,7,17.011
254,9244,zWebview2Agent.exe,running,0.00%,7,17.011
255,9244,zWebview2Agent.exe,running,0.00%,7,17.011
256,9244,zWebview2Agent.exe,running,0.00%,7,17.011
257,9244,zWebview2Agent.exe,running,0.00%,7,17.011
258,9244,zWebview2Agent.exe,running,0.00%,7,17.011
259,9244,zWebview2Agent.exe,running,0.00%,7,17.011
260,9244,zWebview2Agent.exe,running,0.00%,7,17.011
261,9244,zWebview2Agent.exe,running,0.00%,7,17.011
262,9244,zWebview2Agent.exe,running,0.00%,7,17.011
263,9244,zWebview2Agent.exe,running,0.00%,7,17.011
264,9244,zWebview2Agent.exe,running,0.00%,7,17.011
265,9244,zWebview2Agent.exe,running,0.00%,7,17.011
266,9244,zWebview2Agent.exe,running,0.00%,7,17.011
267,9244,zWebview2Agent.exe,running,0.00%,7,17.011
268,9244,zWebview2Agent.exe,running,0.00%,7,17.011
269,9244,zWebview2Agent.exe,running,0.00%,7,17.011
270,9244,zWebview2Agent.exe,running,0.00%,7,17.011
271,9244,zWebview2Agent.exe,running,0.00%,7,17.011
272,9244,zWebview2Agent.exe,running,0.00%,7,17.011
273,9244,zWebview2Agent.exe,running,0.00%,7,17.011
274,9244,zWebview2Agent.exe,running,0.00%,7,17.011
275,9244,zWebview2Agent.exe,running,0.00%,7,17.011
276,9244,zWebview2Agent.exe,running,0.00%,7,17.011
277,9244,zWebview2Agent.exe,running,0.00%,7,17.011
278,9244,zWebview2Agent.exe,running,0.00%,7,17.011
279,9244,zWebview2Agent.exe,running,0.00%,7,17.011
280,9244,zWebview2Agent.exe,running,0.00%,7,17.011
281,9244,zWebview2Agent.exe,running,0.00%,7,17.011
282,9244,zWebview2Agent.exe,running,0.00%,7,17.011
283,9244,zWebview2Agent.exe,running,0.00%,7,17.011
284,9244,zWebview2Agent.exe,running,0.00%,7,17.011
285,9244,zWebview2Agent.exe,running,0.00%,7,17.011
286,9244,zWebview2Agent.exe,running,0.00%,7,17.011
287,9244,zWebview2Agent.exe,running,0.00%,7,17.011
288,9244,zWebview2Agent.exe,running,0.00%,7,17.011
289,9244,zWebview2Agent.exe,running,0.00%,7,17.011
290,9244,zWebview2Agent.exe,running,0.00%,7,17.011
291,9244,zWebview2Agent.exe,running,0.00%,7,17.011
292,9244,zWebview2Agent.exe,running,0.00%,7,17.011
293,9244,zWebview2Agent.exe,running,0.00%,7,17.011
294,9244,zWebview2Agent.exe,running,0.00%,7,17.011
295,9244,zWebview2Agent.exe,running,0.00%,7,17.011
296,9244,zWebview2Agent.exe,running,0.00%,7,17.011
297,9244,zWebview2Agent.exe,running,0.00%,7,17.011
298,9244,zWebview2Agent.exe,running,0.00%,7,17.011
299,9244,zWebview2Agent.exe,running,0.00%,7,17.011
300,9244,zWebview2Agent.exe,running,0.00%,7,17.011
301,9244,zWebview2Agent.exe,running,0.00%,7,17.011
302,9244,zWebview2Agent.exe,running,0.00%,7,17.011
303,9244,zWebview2Agent.exe,running,0.00%,7,17.011
304,9244,zWebview2Agent.exe,running,0.00%,7,17.011
305,9244,zWebview2Agent.exe,running,0.00%,7,17.011
306,9244,zWebview2Agent.exe,running,0.00%,7,17.011
307,9244,zWebview2Agent.exe,running,0.00%,7,17.011
308,9244,zWebview2Agent.exe,running,0.00%,7,17.011
309,9244,zWebview2Agent.exe,running,0.00%,7,17.011
310,9244,zWebview2Agent.exe,running,0.00%,7,17.011
311,9244,zWebview2Agent.exe,running,0.00%,7,17.011
312,9244,zWebview2Agent.exe,running,0.00%,7,17.011
313,9244,zWebview2Agent.exe,running,0.00%,7,17.011
314,9244,zWebview2Agent.exe,running,0.00%,7,17.011
315,9244,zWebview2Agent.exe,running,0.00%,7,17.011
316,9244,zWebview2Agent.exe,running,0.00%,7,17.011
317,9244,zWebview2Agent.exe,running,0.00%,7,17.011
318,9244,zWebview2Agent.exe,running,0.00%,7,17.011
319,9244,zWebview2Agent.exe,running,0.00%,7,17.011
320,9244,zWebview2Agent.exe,running,0.00%,7,17.011
321,9244,zWebview2Agent.exe,running,0.00%,7,17.011
322,9244,zWebview2Agent.exe,running,0.00%,7,17.011
323,9244,zWebview2Agent.exe,running,0.00%,7,17.011
324,9244,zWebview2Agent.exe,running,0.00%,7,17.011
325,9244,zWebview2Agent.exe,running,0.00%,7,17.011
326,9244,zWebview2Agent.exe,running,0.00%,7,17.011
327,9244,zWebview2Agent.exe,running,0.00%,7,17.011
328,9244,zWebview2Agent.exe,running,0.00%,7,17.011
329,9244,zWebview2Agent.exe,running,0.00%,7,17.011
330,9244,zWebview2Agent.exe,running,0.00%,7,17.011
331,9244,zWebview2Agent.exe,running,0.00%,7,17.011
332,9244,zWebview2Agent.exe,running,0.00%,7,17.011
333,9244,zWebview2Agent.exe,running,0.00%,7,17.011
334,9244,zWebview2Agent.exe,running,0.00%,7,17.011
335,9244,zWebview2Agent.exe,running,0.00%,7,17.011
336,9244,zWebview2Agent.exe,running,0.00%,7,17.011
337,9244,zWebview2Agent.exe,running,0.00%,7,17.011
338,9244,zWebview2Agent.exe,running,0.00%,7,17.011
339,9244,zWebview2Agent.exe,running,0.00%,7,17.011
340,9244,zWebview2Agent.exe,running,0.00%,7,17.011
341,9244,zWebview2Agent.exe,running,0.00%,7,17.011
342,9244,zWebview2Agent.exe,running,0.00%,7,17.011
343,9244,zWebview2Agent.exe,running,0.00%,7,17.011
344,9244,zWebview2Agent.exe,running,0.00%,7,17.011
345,9244,zWebview2Agent.exe,running,0.00%,7,17.011
346,9244,zWebview2Agent.exe,running,0.00%,7,17.011
347,9244,zWebview2Agent.exe,running,0.00%,7,17.011
348,9244,zWebview2Agent.exe,running,0.00%,7,17.011
349,9244,zWebview2Agent.exe,running,0.00%,7,17.011
350,9244,zWebview2Agent.exe,running,0.00%,7,17.011
351,9244,zWebview2Agent.exe,running,0.00%,7,17.011
352,9244,zWebview2Agent.exe,running,0.00%,7,17.011
353,9244,zWebview2Agent.exe,running,0.00%,7,17.011
354,9244,zWebview2Agent.exe,running,0.00%,7,17.011
355,9244,zWebview2Agent.exe,running,0.00%,7,17.011
356,9244,zWebview2Agent.exe,running,0.00%,7,17.011
357,9244,zWebview2Agent.exe,running,0.00%,7,17.011
358,9244,zWebview2Agent.exe,running,0.00%,7,17.011
359,9244,zWebview2Agent.exe,running,0.00%,7,17.011
360,9244,zWebview2Agent.exe,running,0.00%,7,17.011
361,9244,zWebview2Agent.exe,running,0.00%,7,17.011
362,9244,zWebview2Agent.exe,running,0.00%,7,17.011
363,9244,zWebview2Agent.exe,running,0.00%,7,17.011
364,9244,zWebview2Agent.exe,running,0.00%,7,17.011
365,9244,zWebview2Agent.exe,running,0.00%,7,17.011
366,9244,zWebview2Agent.exe,running,0.00%,7,17.011
367,9244,zWebview2Agent.exe,running,0.00%,7,17.011
368,9244,zWebview2Agent.exe,running,0.00%,7,17.011
369,9244,zWebview2Agent.exe,running,0.00%,7,17.011
370,9244,zWebview2Agent.exe,running,0.00%,7,17.011
371,9244,zWebview2Agent.exe,running,0.00%,7,17.011
372,9244,zWebview2Agent.exe,running,0.00%,7,17.011
373,9244,zWebview2Agent.exe,running,0.00%,7,17.011
374,9244,zWebview2Agent.exe,running,0.00%,7,17.011
375,9244,zWebview2Agent.exe,running,0.00%,7,17.011
376,9244,zWebview2Agent.exe,running,0.00%,7,17.011
377,9244,zWebview2Agent.exe,running,0.00%,7,17.011
378,9244,zWebview2Agent.exe,running,0.00%,7,17.011
379,9244,zWebview2Agent.exe,running,0.00%,7,17.011
380,9244,zWebview2Agent.exe,running,0.00%,7,17.011
381,9244,zWebview2Agent.exe,running,0.00%,7,17.011
382,9244,zWebview2Agent.exe,running,0.00%,7,17.011
383,9244,zWebview2Agent.exe,running,0.00%,7,17.011
384,9244,zWebview2Agent.exe,running,0.00%,7,17.011
385,9244,zWebview2Agent.exe,running,0.00%,7,17.011
386,9244,zWebview2Agent.exe,running,0.00%,7,17.011
387,9244,zWebview2Agent.exe,running,0.00%,7,17.011
388,9244,zWebview2Agent.exe,running,0.00%,7,17.011
389,9244,zWebview2Agent.exe,running,0.00%,7,17.011
390,9244,zWebview2Agent.exe,running,0.00%,7,17.011
391,9244,zWebview2Agent.exe,running,0.00%,7,17.011
392,9244,zWebview2Agent.exe,running,0.00%,7,17.011
393,9244,zWebview2Agent.exe,running,0.00%,7,17.011
394,9244,zWebview2Agent.exe,running,0.00%,7,17.011
395,9244,zWebview2Agent.exe,running,0.00%,7,17.011
396,9244,zWebview2Agent.exe,running,0.00%,7,17.011
397,9244,zWebview2Agent.exe,running,0.00%,7,17.011
398,9244,zWebview2Agent.exe,running,0.00%,7,17.011
399,9244,zWebview2Agent.exe,running,0.00%,7,17.011
400,9244,zWebview2Agent.exe,running,0.00%,7,17.011
401,9244,zWebview2Agent.exe,running,0.00%,7,17.011
402,9244,zWebview2Agent.exe,running,0.00%,7,17.011
403,9244,zWebview2Agent.exe,running,0.00%,7,17.011
404,9244,zWebview2Agent.exe,running,0.00%,7,17.011
405,9244,zWebview2Agent.exe,running,0.00%,7,17.011
406,9244,zWebview2Agent.exe,running,0.00%,7,17.011
407,9244,zWebview2Agent.exe,running,0.00%,7,17.011
408,9244,zWebview2Agent.exe,running,0.00%,7,17.011
409,9244,zWebview2Agent.exe,running,0.00%,7,17.011
410,9244,zWebview2Agent.exe,running,0.00%,7,17.011
411,9244,zWebview2Agent.exe,running,0.00%,7,17.011
412,9244,zWebview2Agent.exe,running,0.00%,7,17.011
413,9244,zWebview2Agent.exe,running,0.00%,7,17.011
414,9244,zWebview2Agent.exe,running,0.00%,7,17.011
415,9244,zWebview2Agent.exe,running,0.00%,7,17.011
416,9244,zWebview2Agent.exe,running,0.00%,7,17.011
417,9244,zWebview2Agent.exe,running,0.00%,7,17.011
418,9244,zWebview2Agent.exe,running,0.00%,7,17.011
419,9244,zWebview2Agent.exe,running,0.00%,7,17.011
420,9244,zWebview2Agent.exe,running,0.00%,7,17.011
421,9244,zWebview2Agent.exe,running,0.00%,7,17.011
422,9244,zWebview2Agent.exe,running,0.00%,7,17.011
423,9244,zWebview2Agent.exe,running,0.00%,7,17.011
424,9244,zWebview2Agent.exe,running,0.00%,7,17.011
425,9244,zWebview2Agent.exe,running,0.00%,7,17.011
426,9244,zWebview2Agent.exe,running,0.00%,7,17.011
427,9244,zWebview2Agent.exe,running,0.00%,7,17.011
428,9244,zWebview2Agent.exe,running,0.00%,7,17.011
429,9244,zWebview2Agent.exe,running,0.00%,7,17.011
430,9244,zWebview2Agent.exe,running,0.00%,7,17.011
431,9244,zWebview2Agent.exe,running,0.00%,7,17.011
432,9244,zWebview2Agent.exe,running,0.00%,7,17.011
433,9244,zWebview2Agent.exe,running,0.00%,7,17.011
434,9244,zWebview2Agent.exe,running,0.00%,7,17.011
435,9244,zWebview2Agent.exe,running,0.00%,7,17.011
436,9244,zWebview2Agent.exe,running,0.00%,7,17.011
437,9244,zWebview2Agent.exe,running,0.00%,7,17.011
438,9244,zWebview2Agent.exe,running,0.00%,7,17.011
439,9244,zWebview2Agent.exe,running,0.00%,7,17.011
440,9244,zWebview2Agent.exe,running,0.00%,7,17.011
441,9244,zWebview2Agent.exe,running,0.00%,7,17.011
442,9244,zWebview2Agent.exe,running,0.00%,7,17.011
443,9244,zWebview2Agent.exe,running,0.00%,7,17.011
444,9244,zWebview2Agent.exe,running,0.00%,7,17.011
445,9244,zWebview2Agent.exe,running,0.00%,7,17.011
446,9244,zWebview2Agent.exe,running,0.00%,7,17.011
447,9244,zWebview2Agent.exe,running,0.00%,7,17.011
448,9244,zWebview2Agent.exe,running,0.00%,7,17.011
449,9244,zWebview2Agent.exe,running,0.00%,7,17.011
450,9244,zWebview2Agent.exe,running,0.00%,7,17.011
451,9244,zWebview2Agent.exe,running,0.00%,7,17.011
452,9244,zWebview2Agent.exe,running,0.00%,7,17.011
453,9244,zWebview2Agent.exe,running,0.00%,7,17.011
454,9244,zWebview2Agent.exe,running,0.00%,7,17.011
455,9244,zWebview2Agent.exe,running,0.00%,7,17.011
456,9244,zWebview2Agent.exe,running,0.00%,7,17.011
457,9244,zWebview2Agent.exe,running,0.00%,7,17.011
458,9244,zWebview2Agent.exe,running,0.00%,7,17.011
459,9244,zWebview2Agent.exe,running,0.00%,7,17.011
460,9244,zWebview2Agent.exe,running,0.00%,7,17.011
461,9244,zWebview2Agent.exe,running,0.00%,7,17.011
462,9244,zWebview2Agent.exe,running,0.00%,7,17.011
463,9244,zWebview2Agent.exe,running,0.00%,7,17.011
464,9244,zWebview2Agent.exe,running,0.00%,7,17.011
465,9244,zWebview2Agent.exe,running,0.00%,7,17.011
466,9244,zWebview2Agent.exe,running,0.00%,7,17.011
467,9244,zWebview2Agent.exe,running,0.00%,7,17.011
468,9244,zWebview2Agent.exe,running,0.00%,7,17.011
469,9244,zWebview2Agent.exe,running,0.00%,7,17.011
470,9244,zWebview2Agent.exe,running,0.00%,7,17.011
471,9244,zWebview2Agent.exe,running,0.00%,7,17.011
472,9244,zWebview2Agent.exe,running,0.00%,7,17.011
473,9244,zWebview2Agent.exe,running,0.00%,7,17.011
474,9244,zWebview2Agent.exe,running,0.00%,7,17.011
475,9244,zWebview2Agent.exe,running,0.00%,7,17.011
476,9244,zWebview2Agent.exe,running,0.00%,7,17.011
477,9244,zWebview2Agent.exe,running,0.00%,7,17.011
478,9244,zWebview2Agent.exe,running,0.00%,7,17.011
479,9244,zWebview2Agent.exe,running,0.00%,7,17.011
480,9244,zWebview2Agent.exe,running,0.00%,7,17.011
481,9244,zWebview2Agent.exe,running,0.00%,7,17.011
482,9244,zWebview2Agent.exe,running,0.00%,7,17.011
483,9244,zWebview2Agent.exe,running,0.00%,7,17.011
484,9244,zWebview2Agent.exe,running,0.00%,7,17.011
485,9244,zWebview2Agent.exe,running,0.00%,7,17.011
486,9244,zWebview2Agent.exe,running,0.00%,7,17.011
487,9244,zWebview2Agent.exe,running,0.00%,7,17.011
488,9244,zWebview2Agent.exe,running,0.00%,7,17.011
489,9244,zWebview2Agent.exe,running,0.00%,7,17.011
490,9244,zWebview2Agent.exe,running,0.00%,7,17.011
491,9244,zWebview2Agent.exe,running,0.00%,7,17.011
492,9244,zWebview2Agent.exe,running,0.00%,7,17.011
493,9244,zWebview2Agent.exe,running,0.00%,7,17.011
494,9244,zWebview2Agent.exe,running,0.00%,7,17.011
495,9244,zWebview2Agent.exe,running,0.00%,7,17.011
496,9244,zWebview2Agent.exe,running,0.00%,7,17.011
497,9244,zWebview2Agent.exe,running,0.00%,7,17.011
498,9244,zWebview2Agent.exe,running,0.00%,7,17.011
499,9244,zWebview2Agent.exe,running,0.00%,7,17.011
500,9244,zWebview2Agent.exe,running,0.00%,7,17.011
501,9244,zWebview2Agent.exe,running,0.00%,7,17.011
502,9244,zWebview2Agent.exe,running,0.00%,7,17.011
503,9244,zWebview2Agent.exe,running,0.00%,7,17.011
504,9244,zWebview2Agent.exe,running,0.00%,7,17.011
505,9244,zWebview2Agent.exe,running,0.00%,7,17.011
506,9244,zWebview2Agent.exe,running,0.00%,7,17.011
507,9244,zWebview2Agent.exe,running,0.00%,7,17.011
508,9244,zWebview2Agent.exe,running,0.00%,7,17.011
509,9244,zWebview2Agent.exe,running,0.00%,7,17.011
510,9244,zWebview2Agent.exe,running,0.00%,7,17.011
511,9244,zWebview2Agent.exe,running,0.00%,7,17.011
512,9244,zWebview2Agent.exe,running,0.00%,7,17.011
513,9244,zWebview2Agent.exe,running,0.00%,7,17.011
514,9244,zWebview2Agent.exe,running,0.00%,7,17.011
515,9244,zWebview2Agent.exe,running,0.00%,7,17.011
516,9244,zWebview2Agent.exe,running,0.00%,7,17.011
517,9244,zWebview2Agent.exe,running,0.00%,7,17.011
518,9244,zWebview2Agent.exe,running,0.00%,7,17.011
519,9244,zWebview2Agent.exe,running,0.00%,7,17.011
520,9244,zWebview2Agent.exe,running,0.00%,7,17.011
521,9244,zWebview2Agent.exe,running,0.00%,7,17.011
522,9244,zWebview2Agent.exe,running,0.00%,7,17.011
523,9244,zWebview2Agent.exe,running,0.00%,7,17.011
524,9244,zWebview2Agent.exe,running,0.00%,7,17.011
525,9244,zWebview2Agent.exe,running,0.00%,7,17.011
526,9244,zWebview2Agent.exe,running,0.00%,7,17.011
527,9244,zWebview2Agent.exe,running,0.00%,7,17.011
528,9244,zWebview2Agent.exe,running,0.00%,7,17.011
529,9244,zWebview2Agent.exe,running,0.00%,7,17.011
530,9244,zWebview2Agent.exe,running,0.00%,7,17.011
531,9244,zWebview2Agent.exe,running,0.00%,7,17.011
532,9244,zWebview2Agent.exe,running,0.00%,7,17.011
533,9244,zWebview2Agent.exe,running,0.00%,7,17.011
534,9244,zWebview2Agent.exe,running,0.00%,7,17.011
535,9244,zWebview2Agent.exe,running,0.00%,7,17.011
536,9244,zWebview2Agent.exe,running,0.00%,7,17.011
537,9244,zWebview2Agent.exe,running,0.00%,7,17.011
538,9244,zWebview2Agent.exe,running,0.00%,7,17.011
539,9244,zWebview2Agent.exe,running,0.00%,7,17.011
540,9244,zWebview2Agent.exe,running,0.00%,7,17.011
541,9244,zWebview2Agent.exe,running,0.00%,7,17.011
542,9244,zWebview2Agent.exe,running,0.00%,7,17.011
543,9244,zWebview2Agent.exe,running,0.00%,7,17.011
544,9244,zWebview2Agent.exe,running,0.00%,7,17.011
545,9244,zWebview2Agent.exe,running,0.00%,7,17.011
546,9244,zWebview2Agent.exe,running,0.00%,7,17.011
547,9244,zWebview2Agent.exe,running,0.00%,7,17.011
548,9244,zWebview2Agent.exe,running,0.00%,7,17.011
549,9244,zWebview2Agent.exe,running,0.00%,7,17.011
550,9244,zWebview2Agent.exe,running,0.00%,7,17.011
551,9244,zWebview2Agent.exe,running,0.00%,7,17.011
552,9244,zWebview2Agent.exe,running,0.00%,7,17.011
553,9244,zWebview2Agent.exe,running,0.00%,7,17.011
554,9244,zWebview2Agent.exe,running,0.00%,7,17.011
555,9244,zWebview2Agent.exe,running,0.00%,7,17.011
556,9244,zWebview2Agent.exe,running,0.00%,7,17.011
557,9244,zWebview2Agent.exe,running,0.00%,7,17.011
558,9244,zWebview2Agent.exe,running,0.00%,7,17.011
559,9244,zWebview2Agent.exe,running,0.00%,7,17.011
560,9244,zWebview2Agent.exe,running,0.00%,7,17.011
561,9244,zWebview2Agent.exe,running,0.00%,7,17.011
562,9244,zWebview2Agent.exe,running,0.00%,7,17.011
563,9244,zWebview2Agent.exe,running,0.00%,7,17.011
564,9244,zWebview2Agent.exe,running,0.00%,7,17.011
565,9244,zWebview2Agent.exe,running,0.00%,7,17.011
566,9244,zWebview2Agent.exe,running,0.00%,7,17.011
567,9244,zWebview2Agent.exe,running,0.00%,7,17.011
568,9244,zWebview2Agent.exe,running,0.00%,7,17.011
569,9244,zWebview2Agent.exe,running,0.00%,7,17.011
570,9244,zWebview2Agent.exe,running,0.00%,7,17.011
571,9244,zWebview2Agent.exe,running,0.00%,7,17.011
572,9244,zWebview2Agent.exe,running,0.00%,7,17.011
573,9244,zWebview2Agent.exe,running,0.00%,7,17.011
574,9244,zWebview2Agent.exe,running,0.00%,7,17.011
575,9244,zWebview2Agent.exe,running,0.00%,7,17.011
576,9244,zWebview2Agent.exe,running,0.00%,7,17.011
577,9244,zWebview2Agent.exe,running,0.00%,7,17.011
578,9244,zWebview2Agent.exe,running,0.00%,7,17.011
579,9244,zWebview2Agent.exe,running,0.00%,7,17.011
580,9244,zWebview2Agent.exe,running,0.00%,7,17.011
581,9244,zWebview2Agent.exe,running,0.00%,7,17.011
582,9244,zWebview2Agent.exe,running,0.00%,7,17.011
583,9244,zWebview2Agent.exe,running,0.00%,7,17.011
584,9244,zWebview2Agent.exe,running,0.00%,7,17.011
585,9244,zWebview2Agent.exe,running,0.00%,7,17.011
586,9244,zWebview2Agent.exe,running,0.00%,7,17.011
587,9244,zWebview2Agent.exe,running,0.00%,7,17.011
588,9244,zWebview2Agent.exe,running,0.00%,7,17.011
589,9244,zWebview2Agent.exe,running,0.00%,7,17.011
590,9244,zWebview2Agent.exe,running,0.00%,7,17.011
591,9244,zWebview2Agent.exe,running,0.00%,7,17.011
592,9244,zWebview2Agent.exe,running,0.00%,7,17.011
593,9244,zWebview2Agent.exe,running,0.00%,7,17.011
594,9244,zWebview2Agent.exe,running,0.00%,7,17.011
595,9244,zWebview2Agent.exe,running,0.00%,7,17.011
596,9244,zWebview2Agent.exe,running,0.00%,7,17.011
597,9244,zWebview2Agent.exe,running,0.00%,7,17.011
598,9244,zWebview2Agent.exe,running,0.00%,7,17.011
599,9244,zWebview2Agent.exe,running,0.00%,7,17.011
600,9244,zWebview2Agent.exe,running,0.00%,7,17.011
601,9244,zWebview2Agent.exe,running,0.00%,7,17.011
602,9244,zWebview2Agent.exe,running,0.00%,7,17.011
603,9244,zWebview2Agent.exe,running,0.00%,7,17.011
604,9244,zWebview2Agent.exe,running,0.00%,7,17.011
605,9244,zWebview2Agent.exe,running,0.00%,7,17.011
606,9244,zWebview2Agent.exe,running,0.00%,7,17.011
607,9244,zWebview2Agent.exe,running,0.00%,7,17.011
608,9244,zWebview2Agent.exe,running,0.00%,7,17.011
609,9244,zWebview2Agent.exe,running,0.00%,7,17.011
610,9244,zWebview2Agent.exe,running,0.00%,7,17.011
611,9244,zWebview2Agent.exe,running,0.00%,7,17.011
612,9244,zWebview2Agent.exe,running,0.00%,7,17.011
613,9244,zWebview2Agent.exe,running,0.00%,7,17.011
614,9244,zWebview2Agent.exe,running,0.00%,7,17.011
615,9244,zWebview2Agent.exe,running,0.00%,7,17.011
616,9244,zWebview2Agent.exe,running,0.00%,7,17.011
617,9244,zWebview2Agent.exe,running,0.00%,7,17.011
618,9244,zWebview2Agent.exe,running,0.00%,7,17.011
619,9244,zWebview2Agent.exe,running,0.00%,7,17.011
620,9244,zWebview2Agent.exe,running,0.00%,7,17.011
621,9244,zWebview2Agent.exe,running,0.00%,7,17.011
622,9244,zWebview2Agent.exe,running,0.00%,7,17.011
623,9244,zWebview2Agent.exe,running,0.00%,7,17.011
624,9244,zWebview2Agent.exe,running,0.00%,7,17.011
625,9244,zWebview2Agent.exe,running,0.00%,7,17.011
626,9244,zWebview2Agent.exe,running,0.00%,7,17.011
627,9244,zWebview2Agent.exe,running,0.00%,7,17.011
628,9244,zWebview2Agent.exe,running,0.00%,7,17.011
629,9244,zWebview2Agent.exe,running,0.00%,7,17.011
630,9244,zWebview2Agent.exe,running,0.00%,7,17.011
631,9244,zWebview2Agent.exe,running,0.00%,7,17.011
632,9244,zWebview2Agent.exe,running,0.00%,7,17.011
633,9244,zWebview2Agent.exe,running,0.00%,7,17.011
634,9244,zWebview2Agent.exe,running,0.00%,7,17.011
635,9244,zWebview2Agent.exe,running,0.00%,7,17.011
636,9244,zWebview2Agent.exe,running,0.00%,7,17.011
637,9244,zWebview2Agent.exe,running,0.00%,7,17.011
638,9244,zWebview2Agent.exe,running,0.00%,7,17.011
639,9244,zWebview2Agent.exe,running,0.00%,7,17.011
